<?xml version="1.0" encoding="UTF-8"?>
<project-private xmlns="http://www.netbeans.org/ns/project-private/1">
    <editor-bookmarks xmlns="http://www.netbeans.org/ns/editor-bookmarks/1"/>
    <editor-bookmarks xmlns="http://www.netbeans.org/ns/editor-bookmarks/2" lastBookmarkId="0"/>
    <open-files xmlns="http://www.netbeans.org/ns/projectui-open-files/2">
        <group>
            <file>file:/G:/kirjat/omattiedostot/ohjelmat/javaa/dippa/coapdigestclient/src/coaptoteutus.java</file>
            <file>file:/G:/kirjat/omattiedostot/ohjelmat/javaa/dippa/coapdigestclient/src/startCoap.java</file>
            <file>file:/G:/kirjat/omattiedostot/ohjelmat/javaa/dippa/coapdigestclient/src/MessageDigestAlgorithm.java</file>
            <file>file:/G:/kirjat/omattiedostot/ohjelmat/javaa/dippa/coapdigestclient/src/ch/ethz/inf/vs/californium/coap/OptionSet.java</file>
            <file>file:/G:/kirjat/omattiedostot/ohjelmat/javaa/dippa/coapdigestclient/src/ch/ethz/inf/vs/californium/coap/Message.java</file>
        </group>
    </open-files>
</project-private>
